Company,Series_Type
filmloop,Series_A
lumoslabs,Series_A
sendhub,Series_A
forushealth,Series_A
dailymotion,Series_A
stackdriver,Series_A
wovensystems,Series_A
elastra,Series_A
openxchange,Series_A
carnegiespeech,Series_A
goodguide,Series_A
fix8,Series_A
clearslide,Series_A
scalecomputing,Series_A
guidespark,Series_A
lendkeytechnologies,Series_A
openx,Series_A
unboundid,Series_A
angioslide,Series_A
nationbuilder,Series_A
vobile,Series_A
balluun,Series_A
twistbioscience,Series_A
radiumone,Series_A
littleblackbag,Series_A
pinpointsoftware,Series_A
reachable,Series_A
loxooncology,Series_A
glycosbiotechnologies,Series_A
dxterity,Series_A
yipit,Series_A
travelbird,Series_A
quantiamd,Series_A
boxfish,Series_A
panoptica,Series_A
kiip,Series_A
mosaic,Series_A
gridgainsystems,Series_A
cozigroup,Series_A
livinglymedia,Series_A
iproflearningsolutionsindia,Series_A
shopigniter,Series_A
houseparty,Series_A
naturebox,Series_A
milyoni,Series_A
poshmark,Series_A
immunedesign,Series_A
placeiq,Series_A
stellaris,Series_A
worktopia,Series_A
healthlinenetworks,Series_A
cirtassystems,Series_A
travelshark,Series_A
cloudon,Series_A
inclinetherapeutics,Series_A
autovirt,Series_A
inmagic,Series_A
spectraanalysis,Series_A
greensql,Series_A
seatwave,Series_A
envista,Series_A
spacecurve,Series_A
optimizely,Series_A
virtualcomputer,Series_A
exindanetworks,Series_A
speeddate,Series_A
glasshousetechnologies,Series_A
fraudwalltechnologies,Series_A
arcotsystems,Series_A
viadeo,Series_A
mediaplatform,Series_A
wikinvest,Series_A
prospx,Series_A
icetana,Series_A
miso,Series_A
jimubox,Series_A
kupongid,Series_A
alethiabiotherapeutics,Series_A
bookshout,Series_A
turnhere,Series_A
tapjoy,Series_A
bellabox,Series_A
sialix,Series_A
applause,Series_A
lifeshieldsecurity,Series_A
bettercloud,Series_A
airshipventures,Series_A
crowdtwist,Series_A
bloomreach,Series_A
sakti3,Series_A
supplyframe,Series_A
outspark,Series_A
thefind,Series_A
opengamma,Series_A
revision3,Series_A
travelata,Series_A
anchorfree,Series_A
scribd,Series_A
infoscout,Series_A
tenxer,Series_A
astaro,Series_A
silverpeaksystems,Series_A
spanning,Series_A
optoro,Series_A
simplilearn,Series_A
articleonepartners,Series_A
tradesy,Series_A
cloudmade,Series_A
140proof,Series_A
challengegames,Series_A
trellianetworks,Series_A
gliknik,Series_A
appcelerator,Series_A
respiratorymotion,Series_A
mydocket,Series_A
appfirst,Series_A
causata,Series_A
crowdtap,Series_A
etaoshi,Series_A
mixbook,Series_A
generalassembly,Series_A
geni,Series_A
nonprofiteasy,Series_A
natrixseparations,Series_A
outsmartpowersystems,Series_A
hightower,Series_A
cloudsherpas,Series_A
datasift,Series_A
skycellag,Series_A
nomadesk,Series_A
moogsoft,Series_A
altiuseducation,Series_A
resolvetherapeutics,Series_A
magnetic,Series_A
powerhousedynamics,Series_A
aplossoftware,Series_A
reverbnation,Series_A
quickoffice,Series_A
traconpharmaceuticals,Series_A
remind,Series_A
mckinstryreklaim,Series_A
breaktimestudios,Series_A
oodle,Series_A
virtualinstruments,Series_A
thirdbrigade,Series_A
orbotix,Series_A
xamarin,Series_A
noknoklabs,Series_A
contextweb,Series_A
centrify,Series_A
selexyspharmaceuticals,Series_A
redux,Series_A
genomequest,Series_A
nextremethermalsolutions,Series_A
rouxbe,Series_A
thismoment,Series_A
tapinfluence,Series_A
coghead,Series_A
nebula,Series_A
clariphycommunications,Series_A
traversatherapeutics,Series_A
powatechnologies,Series_A
meetup,Series_A
tigertext,Series_A
navicnetworks,Series_A
schoology,Series_A
creditsesame,Series_A
realtimeworlds,Series_A
polyvore,Series_A
tastemade,Series_A
inspirato,Series_A
karmasphere,Series_A
ablativesolutions,Series_A
ridemakerz,Series_A
toptenreviews,Series_A
adnavancetechnologies,Series_A
viewdle,Series_A
everythingme,Series_A
ionicsecurity,Series_A
firehost,Series_A
viki,Series_A
realmatch,Series_A
convercent,Series_A
c2fo,Series_A
tellapart,Series_A
loopcommerce,Series_A
rockmelt,Series_A
sennari,Series_A
vindicia,Series_A
forigin,Series_A
espressocapital,Series_A
zanbato,Series_A
availink,Series_A
alienvault,Series_A
jaunt,Series_A
oligomerix,Series_A
delphinusmedicaltechnologies,Series_A
spinfry,Series_A
justworks,Series_A
sworddiagnostics,Series_A
emotivecommunications,Series_A
socialtext,Series_A
jibjab,Series_A
maxwellhealth,Series_A
moblyng,Series_A
clever,Series_A
wispry,Series_A
siftscience,Series_A
hubpages,Series_A
sendme,Series_A
photobucket,Series_A
pocket,Series_A
hopper,Series_A
hangoutindustries,Series_A
ninepointmedical,Series_A
red5studios,Series_A
gotvnetworks,Series_A
olacabs,Series_A
treehouse,Series_A
flurry,Series_A
peloton,Series_A
simplefinancetechnology,Series_A
vapotherm,Series_A
koolspan,Series_A
appfog,Series_A
leapset,Series_A
phunware,Series_A
wickr,Series_A
pelago,Series_A
klout,Series_A
uptake,Series_A
nuontherapeutics,Series_A
goodeggs,Series_A
equitylock,Series_A
ciannamedical,Series_A
datorama,Series_A
aquto,Series_A
creditkarma,Series_A
damballa,Series_A
incontextsolutions,Series_A
fitbit,Series_A
syapse,Series_A
rivertoprenewables,Series_A
symplified,Series_A
desktone,Series_A
kinvey,Series_A
zoove,Series_A
wochit,Series_A
liveops,Series_A
spredfast,Series_A
storsimple,Series_A
wattpad,Series_A
brightroll,Series_A
parkwhiz,Series_A
tarisbiomedical,Series_A
cadforce,Series_A
gemmuspharma,Series_A
zumigo,Series_A
ultrasoctechnologies,Series_A
trada,Series_A
conductor,Series_A
cognitivematch,Series_A
virtuallogix,Series_A
blazent,Series_A
rheonix,Series_A
zymesolutions,Series_A
chunyu,Series_A
eurekster,Series_A
lytro,Series_A
kumunetworks,Series_A
izea,Series_A
xagenic,Series_A
adaptivetcr,Series_A
hiplogiq,Series_A
terrafugia,Series_A
ciclonsemiconductordevice,Series_A
baronova,Series_A
asana,Series_A
stentys,Series_A
paydiant,Series_A
accountnow,Series_A
feex,Series_A
flixster,Series_A
broadreachhealthcare,Series_A
dnanexus,Series_A
stardoll,Series_A
getsatisfaction,Series_A
vitriflex,Series_A
enecsys,Series_A
yume,Series_A
perfectomobile,Series_A
iamcompany,Series_A
samplifysystems,Series_A
docplanner,Series_A
masteryconnect,Series_A
cloudbees,Series_A
spireglobal,Series_A
confidela,Series_A
vectranetworks,Series_A
emeraldtherapeutics,Series_A
advancedcelldiagnostics,Series_A
quofore,Series_A
quantopian,Series_A
luminate,Series_A
mycheck,Series_A
duosecurity,Series_A
zooz,Series_A
mevio,Series_A
mydamnchannel,Series_A
gigwalk,Series_A
envionetworks,Series_A
lingotek,Series_A
robotgalaxy,Series_A
yashi,Series_A
gotuitmedia,Series_A
opentable,Series_A
peakstream,Series_A
namely,Series_A
txteagle,Series_A
smartrecruiters,Series_A
8thbridge,Series_A
digg,Series_A
bright,Series_A
banjo,Series_A
insyncsoftware,Series_A
olx,Series_A
atempo,Series_A
zocdoc,Series_A
gild,Series_A
alpinedatalabs,Series_A
odesk,Series_A
actionengine,Series_A
virtuoz,Series_A
zipitwireless,Series_A
sodahead,Series_A
knowlaritycommunications,Series_A
vhx,Series_A
liverail,Series_A
jaxtr,Series_A
zuberance,Series_A
takelessons,Series_A
blogtalkradio,Series_A
signostics,Series_A
epacube,Series_A
syndaxpharmaceuticals,Series_A
newleafsymbiotics,Series_A
altruik,Series_A
grockit,Series_A
wibidata,Series_A
abtmolecularimaging,Series_A
cometsolutions,Series_A
analogdesignautomation,Series_A
wanova,Series_A
optimal,Series_A
greenwizard,Series_A
ypxcaymanholdings,Series_A
healthination,Series_A
learnvest,Series_A
sensortran,Series_A
redfin,Series_A
gaikai,Series_A
trigence,Series_A
sample6,Series_A
sagentpharmaceuticals,Series_A
perfectserve,Series_A
scifiniti,Series_A
hotelicopter,Series_A
pixable,Series_A
selectablemedia,Series_A
908devices,Series_A
tumri,Series_A
dwolla,Series_A
pivotlink,Series_A
lockpath,Series_A
dizzywood,Series_A
vertoanalytics,Series_A
viametpharmaceuticals,Series_A
rapport,Series_A
charsoftware,Series_A
guardianedgetechnologies,Series_A
retrofit,Series_A
kitcheck,Series_A
aldeapharmaceuticals,Series_A
jivox,Series_A
boulderwindpower,Series_A
zefr,Series_A
knowledgetree,Series_A
velomedix,Series_A
peakgames,Series_A
checkpointsurgical,Series_A
zmanda,Series_A
legolasmedia,Series_A
eatclub,Series_A
weplay,Series_A
vringo,Series_A
autoquake,Series_A
achievers,Series_A
tk20,Series_A
solarjunction,Series_A
doximity,Series_A
divide,Series_A
littlebits,Series_A
classpass,Series_A
lumenapharmaceuticals,Series_A
tidemark,Series_A
sequella,Series_A
colorescience,Series_A
hangernetworkinhomemedia,Series_A
sipx,Series_A
datameer,Series_A
tophat,Series_A
circle,Series_A
mongolab,Series_A
simpleenergy,Series_A
provade,Series_A
connotate,Series_A
ebandcommunications,Series_A
mindmixer,Series_A
soonr,Series_A
alnarapharmaceuticals,Series_A
booyah,Series_A
onshape,Series_A
mahalo,Series_A
platfora,Series_A
fanzter,Series_A
vts,Series_A
catavolt,Series_A
onefinestay,Series_A
trialreach,Series_A
digitalrailroad,Series_A
dayima,Series_A
adaptivecomputing,Series_A
kidaptive,Series_A
kaboodle,Series_A
4home,Series_A
glassdoor,Series_A
magnetsystems,Series_A
bluecava,Series_A
docutap,Series_A
wooga,Series_A
etsy,Series_A
innovativesilicon,Series_A
touchtype,Series_A
beckon,Series_A
applieddnasciences,Series_A
g2microsystems,Series_A
gutcheck,Series_A
sundaysky,Series_A
crittercism,Series_A
parature,Series_A
bigfootnetworks,Series_A
betterment,Series_A
bodyshopbids,Series_A
petflow,Series_A
copansystems,Series_A
yottaa,Series_A
games2win,Series_A
digitalbridgecommunications,Series_A
baynote,Series_A
innography,Series_A
contextream,Series_A
freedommeditech,Series_A
alertlogic,Series_A
naurex,Series_A
breather,Series_A
panzura,Series_A
tetraphasepharmaceuticals,Series_A
sentilla,Series_A
trifacta,Series_A
edeniq,Series_A
zingsystems,Series_A
akorrinetworks,Series_A
nowait,Series_A
socialflow,Series_A
tunewiki,Series_A
zettaset,Series_A
histosonics,Series_A
kewego,Series_A
terragotechnologies,Series_A
gridstore,Series_A
91jinrong,Series_A
truviso,Series_A
sendio,Series_A
conviva,Series_A
talarinetworks,Series_A
acemetrix,Series_A
xendexholding,Series_B
skyreconsystems,Series_B
roblox,Series_B
ablelending,Series_B
superpedestrian,Series_B
radiatemedia,Series_B
mashable,Series_B
crimsonhexagon,Series_B
theclymb,Series_B
honeybook,Series_B
nabsys,Series_B
vlst,Series_B
duetto,Series_B
teneros,Series_B
dreamlines,Series_B
samsoft,Series_B
jamtechnologies,Series_B
rempexpharmaceuticals,Series_B
elastra,Series_B
carnegiespeech,Series_B
reloadedgames,Series_B
vivox,Series_B
embotics,Series_B
scalecomputing,Series_B
nxthera,Series_B
lendkeytechnologies,Series_B
ifbyphone,Series_B
federatedmedia,Series_B
extrahopnetworks,Series_B
procoretechnologies,Series_B
iprint,Series_B
multiwavephotonics,Series_B
datalogix,Series_B
trustdigital,Series_B
twistbioscience,Series_B
xmpie,Series_B
deliveroo,Series_B
loxooncology,Series_B
sarcodebioscience,Series_B
qteros,Series_B
mistralsolutions,Series_B
wize,Series_B
sophiagenetics,Series_B
genalyte,Series_B
truist,Series_B
knoppneurosciences,Series_B
premise,Series_B
dreamerzfoods,Series_B
panoptica,Series_B
xerispharmaceuticals,Series_B
quantason,Series_B
liquidplanner,Series_B
eosenergystorage,Series_B
orayatherapeutics,Series_B
optify,Series_B
spongecell,Series_B
mig33,Series_B
madvertise,Series_B
shapeup,Series_B
satellierinc,Series_B
spokencommunications,Series_B
qualvu,Series_B
nabrivatherapeutics,Series_B
xunlight,Series_B
bladenetworktechnologies,Series_B
ntirety,Series_B
widgetbox,Series_B
dancejam,Series_B
wrapmedia,Series_B
worktopia,Series_B
rhythmiamedical,Series_B
bionostra,Series_B
cirtassystems,Series_B
terascala,Series_B
kenandy,Series_B
instartlogic,Series_B
greenphire,Series_B
betaworks,Series_B
aylanetworks,Series_B
autovirt,Series_B
origenetechnologies,Series_B
aternity,Series_B
greensql,Series_B
flypaper,Series_B
aduratechnologies,Series_B
ipierian,Series_B
vovici,Series_B
spacecurve,Series_B
stemedicacelltechnologies,Series_B
tinyco,Series_B
isolationnetwork,Series_B
aquestsystems,Series_B
apexconstruction,Series_B
ortivawireless,Series_B
rgbnetworks,Series_B
virtualcomputer,Series_B
redmart,Series_B
untangle,Series_B
edgeware,Series_B
exindanetworks,Series_B
glassesdirect,Series_B
brickellbiotech,Series_B
gather,Series_B
motionsoft,Series_B
energyhub,Series_B
akimbisystems,Series_B
sixdegreesgames,Series_B
sbamaterials,Series_B
viadeo,Series_B
brightwateraquaculture,Series_B
gcrisepharmaceutical,Series_B
topschool,Series_B
dotcloud,Series_B
coresecuritytechnologies,Series_B
iskoot,Series_B
ilike,Series_B
streetline,Series_B
prospx,Series_B
breatheamerica,Series_B
purecars,Series_B
bizanga,Series_B
visualiq,Series_B
miso,Series_B
microinterventionaldevices,Series_B
sunvergeenergy,Series_B
unigo,Series_B
openq,Series_B
explorys,Series_B
claretmedical,Series_B
yoolink,Series_B
xhale,Series_B
probiodrug,Series_B
alethiabiotherapeutics,Series_B
deertech,Series_B
purevideonetworks,Series_B
bookshout,Series_B
perkstreetfinancial,Series_B
mendix,Series_B
bsideentertainment,Series_B
toleropharmaceuticals,Series_B
sialix,Series_B
yola,Series_B
applause,Series_B
inspiredtechnologies,Series_B
sentillion,Series_B
digitalorchid,Series_B
flightcar,Series_B
medivo,Series_B
admitonesecurity,Series_B
bettercloud,Series_B
berkeleydesignautomation,Series_B
bloomreach,Series_B
logmein,Series_B
spineguard,Series_B
corasworks,Series_B
supplyframe,Series_B
admeld,Series_B
eightfoldlogic,Series_B
estech,Series_B
secret,Series_B
wayin,Series_B
revision3,Series_B
travelata,Series_B
quantance,Series_B
xogroup,Series_B
pexcard,Series_B
infoscout,Series_B
tenxer,Series_B
identrust,Series_B
astaro,Series_B
datagravity,Series_B
coherexmedical,Series_B
spanning,Series_B
rightscale,Series_B
chukongtechnologies,Series_B
entradeenergiesystemeag,Series_B
scienergy,Series_B
tradesy,Series_B
handmark,Series_B
sharethis,Series_B
powercloudsystems,Series_B
reveal,Series_B
inlettechnologies,Series_B
baublebar,Series_B
netiq,Series_B
nimblestorage,Series_B
mesmateriaux,Series_B
appfirst,Series_B
plasticjungle,Series_B
coub,Series_B
optiminesoftware,Series_B
diablotechnologies,Series_B
whalebacksystems,Series_B
nextmedium,Series_B
alcyonelifesciences,Series_B
currencycloud,Series_B
prestashop,Series_B
gainspeed,Series_B
zecco,Series_B
artspace,Series_B
natrixseparations,Series_B
eyeem,Series_B
conveycomputer,Series_B
counterstorm,Series_B
monitor110,Series_B
daemoniclabs,Series_B
managementhealthsolutions,Series_B
loggly,Series_B
profitably,Series_B
handango,Series_B
librato,Series_B
livingproof,Series_B
nomadesk,Series_B
cruxbiomedical,Series_B
advancedcathetertherapies,Series_B
moogsoft,Series_B
blueapron,Series_B
kaazing,Series_B
spaceclaim,Series_B
cyberheart,Series_B
ucloudinformationtechnology,Series_B
arrayent,Series_B
calpurnia,Series_B
nexawebtechnologies,Series_B
enterprisedb,Series_B
ridecharge,Series_B
aplossoftware,Series_B
reverbnation,Series_B
plastyc,Series_B
greatlakespharmaceuticals,Series_B
duolingo,Series_B
remind,Series_B
tilt,Series_B
convokesystems,Series_B
socrata,Series_B
netdevices,Series_B
virtualinstruments,Series_B
sanovitechnologies,Series_B
aspirehealth,Series_B
bumptechnologies,Series_B
viewfinity,Series_B
chasepharmaceuticals,Series_B
natera,Series_B
xamarin,Series_B
levelup,Series_B
stylistpick,Series_B
affectiva,Series_B
silvertailsystems,Series_B
aylusnetworks,Series_B
surgiquest,Series_B
appliedlogic,Series_B
funplus,Series_B
trellisbioscience,Series_B
icreatesoftware,Series_B
mokafive,Series_B
providertrust,Series_B
mobiusmicrosystems,Series_B
glympse,Series_B
redux,Series_B
inspiremedicalsystems,Series_B
edimerpharmaceuticals,Series_B
esperancepharmaceuticals,Series_B
altarockenergy,Series_B
snowballfinance,Series_B
dachisgroup,Series_B
skyhighnetworks,Series_B
boomi,Series_B
coupasoftware,Series_B
coghead,Series_B
ubidyne,Series_B
nebula,Series_B
diobex,Series_B
balihoo,Series_B
powatechnologies,Series_B
tempopayments,Series_B
billguard,Series_B
qdvision,Series_B
meetup,Series_B
s5wireless,Series_B
metatomix,Series_B
visier,Series_B
cyphort,Series_B
ibotta,Series_B
huddler,Series_B
moeraematrix,Series_B
tailfsystems,Series_B
arborpharmaceuticals,Series_B
nangate,Series_B
abiquo,Series_B
coolitsystems,Series_B
levisionpictures,Series_B
brightedge,Series_B
argyledata,Series_B
protonmedia,Series_B
inedasystems,Series_B
quantcast,Series_B
toptenreviews,Series_B
ubiquityglobalservices,Series_B
coalogix,Series_B
attenex,Series_B
nurix,Series_B
themadvideo,Series_B
dimdim,Series_B
trendyol,Series_B
adnavancetechnologies,Series_B
mixercast,Series_B
decisyon,Series_B
senscient,Series_B
ciaotelecom,Series_B
watchdox,Series_B
seesawnetworks,Series_B
helmitechnologies,Series_B
coreworx,Series_B
opposingviews,Series_B
tellapart,Series_B
luminarymicro,Series_B
rockmelt,Series_B
solidodesignautomation,Series_B
globalroaming,Series_B
tipsolutions,Series_B
fleetmatics,Series_B
alereon,Series_B
venafi,Series_B
formatdynamics,Series_B
alterpoint,Series_B
forigin,Series_B
optier,Series_B
taprootsystems,Series_B
autonomictechnologies,Series_B
cloudcrowd,Series_B
prostorsystems,Series_B
engineyard,Series_B
quickshift,Series_B
pubmatic,Series_B
adeze,Series_B
aereo,Series_B
byallaccounts,Series_B
jaunt,Series_B
appnomicsystems,Series_B
spinfry,Series_B
loaddynamix,Series_B
winetworks,Series_B
transferwise,Series_B
neatorobotics,Series_B
socialtext,Series_B
thirdmotion,Series_B
newportmedia,Series_B
bluelanetechnologies,Series_B
pickspal,Series_B
iconictherapeutics,Series_B
onfocushealthcare,Series_B
jibjab,Series_B
visagemobile,Series_B
cardeaspharma,Series_B
makanipower,Series_B
netpulse,Series_B
ovascience,Series_B
healthrageous,Series_B
ardelyx,Series_B
telibrahma,Series_B
siftscience,Series_B
officenet,Series_B
pocket,Series_B
orthokinematics,Series_B
ninepointmedical,Series_B
placed,Series_B
treehouse,Series_B
sweetlabs,Series_B
ssnlogistics,Series_B
custommade,Series_B
simplefinancetechnology,Series_B
litescape,Series_B
vapotherm,Series_B
transgenomic,Series_B
thefanfaregroup,Series_B
driverside,Series_B
extendedcareinformationnetwork,Series_B
oxlosystems,Series_B
bbstechnologies,Series_B
ifttt,Series_B
cloudninehospitals,Series_B
depotpoint,Series_B
gridstoneresearch,Series_B
startwire,Series_B
belly,Series_B
phishme,Series_B
akustica,Series_B
cerapedics,Series_B
elonics,Series_B
eucalyptussystems,Series_B
goodeggs,Series_B
cardiosonic,Series_B
imagemetrics,Series_B
tirawireless,Series_B
assistly,Series_B
bluesocket,Series_B
gameskinny,Series_B
clustrix,Series_B
riverminesoftware,Series_B
bluepillar,Series_B
k2network,Series_B
6fusion,Series_B
xkoto,Series_B
aquto,Series_B
kindling,Series_B
augure,Series_B
safend,Series_B
fitbit,Series_B
konamedical,Series_B
finestrella,Series_B
luxbiosciences,Series_B
acutusmedical,Series_B
flexenergy,Series_B
targetspot,Series_B
nextstepliving,Series_B
gogobot,Series_B
kinvey,Series_B
euclid,Series_B
stumbleupon,Series_B
crossingautomation,Series_B
proclivitysystems,Series_B
launchpoint,Series_B
icebreaker,Series_B
sequanscommunications,Series_B
caratherapeutics,Series_B
quadlearning,Series_B
rotationmedical,Series_B
primesense,Series_B
identified,Series_B
dynapump,Series_B
brightroll,Series_B
glostream,Series_B
syntricity,Series_B
causes,Series_B
pnmsoft,Series_B
tarisbiomedical,Series_B
cadforce,Series_B
gemmuspharma,Series_B
renovorx,Series_B
familylink,Series_B
prolactabiosciences,Series_B
coadnaphotonics,Series_B
cognitivematch,Series_B
genapsys,Series_B
corepair,Series_B
wheelerrealestateinvestmenttrust,Series_B
revver,Series_B
genesismedia,Series_B
geovax,Series_B
predictivebiosciences,Series_B
panaya,Series_B
greenlightplanet,Series_B
ucirrus,Series_B
eurekster,Series_B
neurotherapeuticspharma,Series_B
glyde,Series_B
blackwave,Series_B
appzero,Series_B
dotblu,Series_B
omtherapharmaceuticals,Series_B
scalix,Series_B
mobango,Series_B
adeven,Series_B
promosome,Series_B
kumunetworks,Series_B
greenmountaindigital,Series_B
izea,Series_B
arkeiasoftware,Series_B
meevee,Series_B
invision,Series_B
boxtone,Series_B
busyeventmobile,Series_B
baronova,Series_B
peel,Series_B
moat,Series_B
retrevo,Series_B
xytis,Series_B
drivecam,Series_B
accountnow,Series_B
novomer,Series_B
steelhouse,Series_B
innolight,Series_B
broadreachhealthcare,Series_B
smartlunches,Series_B
newscred,Series_B
stardoll,Series_B
iconclude,Series_B
getsatisfaction,Series_B
oneriot,Series_B
xtrm,Series_B
enecsys,Series_B
adbrite,Series_B
accertify,Series_B
veriwave,Series_B
viridityenergy,Series_B
skymobilemedia,Series_B
iamcompany,Series_B
semprusbiosciences,Series_B
samplifysystems,Series_B
verticasystems,Series_B
buywithme,Series_B
pintailtechnologies,Series_B
automatedinsights,Series_B
inviviolink,Series_B
callisma,Series_B
shoesofprey,Series_B
spireglobal,Series_B
mybuys,Series_B
zerto,Series_B
3vbiosciences,Series_B
senergendevices,Series_B
cloudshare,Series_B
aveksa,Series_B
mashery,Series_B
meebo,Series_B
emeraldtherapeutics,Series_B
quofore,Series_B
bitstewsystems,Series_B
splunk,Series_B
plastiq,Series_B
quantopian,Series_B
imagespan,Series_B
luminate,Series_B
myheritage,Series_B
zenoss,Series_B
flatworldknowledge,Series_B
vorbeckmaterials,Series_B
siconnect,Series_B
mydamnchannel,Series_B
link_a_media,Series_B
avalanchebiotech,Series_B
postpath,Series_B
envionetworks,Series_B
thredup,Series_B
orthocon,Series_B
gotuitmedia,Series_B
stitchlabs,Series_B
bradfordnetworks,Series_B
plumgrid,Series_B
moz,Series_B
8thbridge,Series_B
backupify,Series_B
banjo,Series_B
yieldbuild,Series_B
weatherbug,Series_B
cascadetechnologies,Series_B
atempo,Series_B
zyncro,Series_B
zocdoc,Series_B
pptreasearch,Series_B
biopetroclean,Series_B
synack,Series_B
scalextreme,Series_B
gild,Series_B
silverbulletwatertreatment,Series_B
capellaphotonics,Series_B
collectiveintellect,Series_B
zhihu,Series_B
zipitwireless,Series_B
elementaltechnologies,Series_B
sodahead,Series_B
vhx,Series_B
mypublisher,Series_B
puppetlabs,Series_B
sequenta,Series_B
takelessons,Series_B
myhealthdirect,Series_B
cloudphysics,Series_B
valenciatechnologies,Series_B
blogtalkradio,Series_B
tradeking,Series_B
kidaro,Series_B
opgen,Series_B
sosh,Series_B
signostics,Series_B
virobay,Series_B
thesanpharmaceuticals,Series_B
petrasolar,Series_B
soluto,Series_B
3tier,Series_B
zilkerlabs,Series_B
sparkcentral,Series_B
astutenetworks,Series_B
zettics,Series_B
syndaxpharmaceuticals,Series_B
radioframe,Series_B
teradici,Series_B
starwindsoftware,Series_B
lot18,Series_B
targetcastnetworks,Series_B
augmenix,Series_B
yuantiku,Series_B
telltalegames,Series_B
bloomspot,Series_B
grockit,Series_B
nextimagemedical,Series_B
analogdesignautomation,Series_B
twice,Series_B
nextbio,Series_B
swaptree,Series_B
skyboximaging,Series_B
niteroll,Series_B
bluebox,Series_B
healthination,Series_B
utilidata,Series_B
jiwire,Series_B
matrixxsoftware,Series_B
morphlabs,Series_B
limeroad,Series_B
planitax,Series_B
koding,Series_B
dermtechinternational,Series_B
intradigm,Series_B
newlans,Series_B
voltdb,Series_B
appliedmicrostructures,Series_B
nanomech,Series_B
apalya,Series_B
iwalk,Series_B
nanigans,Series_B
dizzywood,Series_B
restorando,Series_B
dobleas,Series_B
viametpharmaceuticals,Series_B
zenprise,Series_B
zyomyx,Series_B
toleratherapeutics,Series_B
richrelevance,Series_B
mendocinosoftware,Series_B
hipmunk,Series_B
interactivetko,Series_B
jiff,Series_B
facetsolutions,Series_B
retrofit,Series_B
marseillenetworks,Series_B
aldeapharmaceuticals,Series_B
surfair,Series_B
boulderwindpower,Series_B
sierrasurgicaltechnologies,Series_B
recyclebank,Series_B
lotame,Series_B
cfares,Series_B
micurxpharmaceuticals,Series_B
limeade,Series_B
knowledgetree,Series_B
intercom,Series_B
accuvein,Series_B
baihe,Series_B
cyatechnologies,Series_B
cradlepointtechnology,Series_B
evogene,Series_B
mobilitec,Series_B
xaware,Series_B
perceptis,Series_B
radarnetworks,Series_B
eatclub,Series_B
delphix,Series_B
cumulusnetworks,Series_B
tricipher,Series_B
updatelogic,Series_B
pley,Series_B
autoquake,Series_B
piazza,Series_B
thereceivablesexchange,Series_B
workflexsolutions,Series_B
kaiam,Series_B
sittercity,Series_B
imtheramedical,Series_B
openbravo,Series_B
passportsystems,Series_B
creditbenchmark,Series_B
thinkingphones,Series_B
amec,Series_B
endoevolution,Series_B
inipowersystems,Series_B
funxionaltherapeutics,Series_B
leisurelink,Series_B
smartling,Series_B
chango,Series_B
neocleus,Series_B
trovix,Series_B
dowleysecuritysystems,Series_B
kyribajapan,Series_B
sprig,Series_B
sapienceanalytics,Series_B
payoneer,Series_B
thisnext,Series_B
openclovis,Series_B
portero,Series_B
appliedidentity,Series_B
socialpoint,Series_B
memsql,Series_B
zignallabs,Series_B
simpleenergy,Series_B
homejoy,Series_B
coolerado,Series_B
egalet,Series_B
connotate,Series_B
ariasystems,Series_B
enevo,Series_B
revivapharmaceuticals,Series_B
casabi,Series_B
routehappy,Series_B
aepona,Series_B
travelmuse,Series_B
fanzter,Series_B
engrade,Series_B
reefpointsystems,Series_B
crocustechnology,Series_B
fulcrumbioenergy,Series_B
healionics,Series_B
fivestars,Series_B
digitalrailroad,Series_B
whoop,Series_B
movableink,Series_B
jelastic,Series_B
reflexsystems,Series_B
pepperdata,Series_B
elacarte,Series_B
rajant,Series_B
glassdoor,Series_B
emisensetechnologies,Series_B
esosolutions,Series_B
valentx,Series_B
docutap,Series_B
glenroseinstruments,Series_B
jivesoftware,Series_B
fiksu,Series_B
touchtype,Series_B
prexapharmaceuticals,Series_B
workmarket,Series_B
cirisenergy,Series_B
memeo,Series_B
cloudian,Series_B
microfabrica,Series_B
orasimedical,Series_B
playerx,Series_B
alertenterprise,Series_B
malauzaisoftware,Series_B
ugobe,Series_B
quandoo,Series_B
maxymiser,Series_B
pulsetherapeutics,Series_B
ziftentechnologies,Series_B
datapop,Series_B
sereshealth,Series_B
synosiatherapeutics,Series_B
liquidhub,Series_B
miragentherapeutics,Series_B
6sense,Series_B
affinitycircles,Series_B
savaaricarrentals,Series_B
wasteremedies,Series_B
yottamark,Series_B
localytics,Series_B
affinesystems,Series_B
avantismedicalsystems,Series_B
cernostics,Series_B
philo,Series_B
sympoz,Series_B
alertlogic,Series_B
kytherabiopharmaceuticals,Series_B
naurex,Series_B
fuhu,Series_B
panzura,Series_B
shubhamhousingdevelopmentfinancecompany,Series_B
jobaline,Series_B
nowait,Series_B
poweranalogmicroelectronics,Series_B
twinstrata,Series_B
ubiquisys,Series_B
adzcentral,Series_B
91jinrong,Series_B
carbylanbiosurgery,Series_B
chargebee,Series_B
b5m,Series_B
verastem,Series_B
zillow,Series_B
hyperactivetechnologies,Series_B
adscale,Series_B
openroadintegratedmedia,Series_B
brightpearl,Series_B
vocalocity,Series_B
mercatormedsystems,Series_B
pronutria,Series_B
inmagesystems,Series_B
mediastay,Series_B
epicsciences,Series_C
actionpharma,Series_C
nabsys,Series_C
notonthehighstreet,Series_C
keaholesolarpower,Series_C
visiquate,Series_C
bluenile,Series_C
surreynanosystems,Series_C
belairnetworks,Series_C
federatedmedia,Series_C
extrahopnetworks,Series_C
prismpharmaceuticals,Series_C
datalogix,Series_C
fixmo,Series_C
imperva,Series_C
valentechnologies,Series_C
scientificconservation,Series_C
disqus,Series_C
become,Series_C
echonest,Series_C
venturiwireless,Series_C
poshmark,Series_C
scivantage,Series_C
attainia,Series_C
positivenetworks,Series_C
tracesecurity,Series_C
verifiedidentitypass,Series_C
healthlinenetworks,Series_C
pharmaronholding,Series_C
tigrispharmaceuticals,Series_C
strikeiron,Series_C
spectraanalysis,Series_C
origenetechnologies,Series_C
seatwave,Series_C
topsylabs,Series_C
ortivawireless,Series_C
skyhook,Series_C
providencemedicaltechnology,Series_C
theravectys,Series_C
opxbiotechnologies,Series_C
qosmos,Series_C
glasshousetechnologies,Series_C
gemvara,Series_C
relievantmedsystems,Series_C
ambarella,Series_C
clinicient,Series_C
topschool,Series_C
hupu,Series_C
vestaron,Series_C
iskoot,Series_C
lyst,Series_C
sylantro,Series_C
uptakemedical,Series_C
quellan,Series_C
unigo,Series_C
zoosk,Series_C
bridgeportnetworks,Series_C
polariswireless,Series_C
epactechnologies,Series_C
tufinsoftware,Series_C
innovid,Series_C
zoomsystems,Series_C
fastpointgames,Series_C
hemoshear,Series_C
daylightsolutions,Series_C
solidfire,Series_C
revcubemedia,Series_C
sentillion,Series_C
lifeshieldsecurity,Series_C
bettercloud,Series_C
sidense,Series_C
logmein,Series_C
eightfoldlogic,Series_C
nemerix,Series_C
wayin,Series_C
esentire,Series_C
earlysense,Series_C
inliveinteractive,Series_C
accellion,Series_C
slack,Series_C
boku,Series_C
chukongtechnologies,Series_C
xlerant,Series_C
instantly,Series_C
yext,Series_C
novinda,Series_C
xeround,Series_C
respiratorymotion,Series_C
breathetechnologies,Series_C
circulite,Series_C
tarari,Series_C
kolorific,Series_C
bridgevine,Series_C
geni,Series_C
intervolve,Series_C
dynamicsignal,Series_C
cobalttechnologies,Series_C
boxee,Series_C
sermo,Series_C
cloudsherpas,Series_C
adready,Series_C
loggly,Series_C
zeugmasystems,Series_C
blueapron,Series_C
intelliworks,Series_C
picseltechnologies,Series_C
scalentsystems,Series_C
polyera,Series_C
enterprisedb,Series_C
synerchip,Series_C
duolingo,Series_C
wellgen,Series_C
viewfinity,Series_C
ringrevenue,Series_C
recommind,Series_C
xamarin,Series_C
noknoklabs,Series_C
contextweb,Series_C
businessinsider,Series_C
baifendian,Series_C
affectiva,Series_C
actonsoftware,Series_C
lakewoodamedex,Series_C
surgiquest,Series_C
snowballfinance,Series_C
tervela,Series_C
tensorcomm,Series_C
clariphycommunications,Series_C
artsy,Series_C
meetup,Series_C
kontera,Series_C
navicnetworks,Series_C
nextdocs,Series_C
palamida,Series_C
onrequestimages,Series_C
latticeengines,Series_C
argyledata,Series_C
protonmedia,Series_C
quantcast,Series_C
whosay,Series_C
aicent,Series_C
irise,Series_C
realmatch,Series_C
venable,Series_C
enclarity,Series_C
sennari,Series_C
arteris,Series_C
solidodesignautomation,Series_C
genesecuritynetwork,Series_C
agiletherapeutics,Series_C
optier,Series_C
prostorsystems,Series_C
pubmatic,Series_C
foodpanda,Series_C
bitwave,Series_C
namshi,Series_C
airgain,Series_C
izettle,Series_C
transferwise,Series_C
neatorobotics,Series_C
phononicdevices,Series_C
vuclip,Series_C
bplglobal,Series_C
sailpointtechnologies,Series_C
moblyng,Series_C
limerickbiopharma,Series_C
verivosoftware,Series_C
2c2p,Series_C
wispry,Series_C
thinkvine,Series_C
olacabs,Series_C
room77,Series_C
ssnlogistics,Series_C
peloton,Series_C
koolspan,Series_C
datallegro,Series_C
intermolecular,Series_C
miragenetworks,Series_C
bluespec,Series_C
liveintent,Series_C
britestreamnetworks,Series_C
eloqua,Series_C
klout,Series_C
simplyhired,Series_C
quickplaymedia,Series_C
mythings,Series_C
bluesocket,Series_C
riverminesoftware,Series_C
dhgate,Series_C
xkoto,Series_C
suncatalytix,Series_C
groupcommerce,Series_C
fitbit,Series_C
farelogix,Series_C
jaspersoft,Series_C
targetspot,Series_C
kidzui,Series_C
redbrickhealth,Series_C
smartsheet,Series_C
varicentsoftware,Series_C
corventis,Series_C
synapticdigital,Series_C
liveops,Series_C
caratherapeutics,Series_C
mirnatherapeutics,Series_C
kapowsoftware,Series_C
nomissolutions,Series_C
ycdmultimedia,Series_C
lockerz,Series_C
interlacemedical,Series_C
prolactabiosciences,Series_C
trada,Series_C
conductor,Series_C
nexentasystems,Series_C
metaboli,Series_C
broadsoft,Series_C
clickandbuy,Series_C
chunyu,Series_C
predictivebiosciences,Series_C
optasite,Series_C
ucirrus,Series_C
jobfox,Series_C
blackwave,Series_C
grubhub,Series_C
primuspower,Series_C
daojia,Series_C
verisiliconholdings,Series_C
ntrglobal,Series_C
peaksurgical,Series_C
ziplinemedical,Series_C
siperasystems,Series_C
attributor,Series_C
paydiant,Series_C
innolight,Series_C
applimation,Series_C
propelfuels,Series_C
perfectmarket,Series_C
veriwave,Series_C
snapeee,Series_C
sequoiapharmaceuticals,Series_C
agrivida,Series_C
pintailtechnologies,Series_C
agitar,Series_C
t2biosystems,Series_C
genoceabiosciences,Series_C
collaborativesoftwareinitiative,Series_C
mashery,Series_C
emeraldtherapeutics,Series_C
tangohealth,Series_C
moleculartemplates,Series_C
phylogy,Series_C
sailthru,Series_C
luminate,Series_C
enforta,Series_C
smartdestinations,Series_C
histogenics,Series_C
mevio,Series_C
postpath,Series_C
myoscience,Series_C
opentable,Series_C
cirba,Series_C
pincsolutions,Series_C
shareholderinsite,Series_C
backupify,Series_C
insyncsoftware,Series_C
veriteq,Series_C
cloudflare,Series_C
actionengine,Series_C
kupivip,Series_C
zipitwireless,Series_C
genvault,Series_C
discretixtechnologies,Series_C
easytaxi,Series_C
sequenta,Series_C
inphasetechnologies,Series_C
cloudphysics,Series_C
coppergatecommunications,Series_C
southwestwindpower,Series_C
electriccloud,Series_C
zilkerlabs,Series_C
redshiftsystems,Series_C
vervemobile,Series_C
senomedicalinstruments,Series_C
firstinsight,Series_C
zeachem,Series_C
kellbenx,Series_C
forsightlabs,Series_C
telltalegames,Series_C
sirificwireless,Series_C
cometsolutions,Series_C
insightec,Series_C
skyboximaging,Series_C
ypxcaymanholdings,Series_C
spigit,Series_C
learnvest,Series_C
intouchtechnologies,Series_C
cashstar,Series_C
scality,Series_C
groundworkopensource,Series_C
alliancehealthnetworks,Series_C
nordicwindpower,Series_C
xactly,Series_C
artisanpharma,Series_C
chmack,Series_C
dwolla,Series_C
aryakanetworks,Series_C
binoptics,Series_C
hipmunk,Series_C
strongmail,Series_C
veracyte,Series_C
bashotechnologies,Series_C
lotame,Series_C
firm58,Series_C
silverrailtechnologies,Series_C
inneractive,Series_C
navigenics,Series_C
mavenlink,Series_C
ezcater,Series_C
mobilitec,Series_C
nantero,Series_C
arroweyesolutions,Series_C
innovativespinaltechnologies,Series_C
bezsystems,Series_C
voltagesecurity,Series_C
acumatica,Series_C
36kr,Series_C
lensvector,Series_C
sgbiofuels,Series_C
lucidmedia,Series_C
btisystems,Series_C
sittercity,Series_C
passportsystems,Series_C
thinkingphones,Series_C
logicaltherapeutics,Series_C
handsonmobile,Series_C
innovasicsemiconductor,Series_C
smartling,Series_C
redsealsystems,Series_C
elementalcybersecurity,Series_C
tidemark,Series_C
convergedaccess,Series_C
hearsaysocial,Series_C
motifbiosciences,Series_C
bonovoorthopedics,Series_C
datameer,Series_C
socialpoint,Series_C
ariosadiagnostics,Series_C
elixirpharmaceuticals,Series_C
liveu,Series_C
mindmixer,Series_C
spinmediagroup,Series_C
booyah,Series_C
meritonnetworks,Series_C
metastorm,Series_C
insightsquared,Series_C
sensorlogic,Series_C
arkex,Series_C
kirusa,Series_C
dayima,Series_C
ideapaint,Series_C
covenantsurgicalpartners,Series_C
tegilesystems,Series_C
cellbiosciences,Series_C
glassdoor,Series_C
emisensetechnologies,Series_C
innovativesilicon,Series_C
memeo,Series_C
renmatix,Series_C
playfirst,Series_C
coderyte,Series_C
ugobe,Series_C
netuitive,Series_C
genologics,Series_C
popularmedia,Series_C
netronomesystems,Series_C
friendster,Series_C
yottamark,Series_C
orthohelixsurgicaldesigns,Series_C
misfit,Series_C
aurorabiofuels,Series_C
uzabase,Series_C
highstreetpartners,Series_C
getglue,Series_C
baynote,Series_C
kyruus,Series_C
kosmix,Series_C
trifacta,Series_C
nextnine,Series_C
ciranova,Series_C
bioseek,Series_C
lifebond,Series_C
buzzfeed,Series_C
overtone,Series_C
power2sme,Series_C
adometry,Series_C
molecularimprints,Series_C
outbrain,Series_C
bdna,Series_C
conformiasoftware,Series_C
coraid,Series_C
zillow,Series_C
transeracommunications,Series_C
openroadintegratedmedia,Series_C
inmagesystems,Series_C
acemetrix,Series_C
zebraimaging,Series_C
metabolon,Series_D
scalecomputing,Series_D
belairnetworks,Series_D
openx,Series_D
procoretechnologies,Series_D
become,Series_D
liquidrobotics,Series_D
guardiananalytics,Series_D
theravectys,Series_D
relievantmedsystems,Series_D
icopyright,Series_D
vasopharm,Series_D
vertosmedical,Series_D
tapjoy,Series_D
applause,Series_D
memento,Series_D
bluestreaktechnology,Series_D
rightscale,Series_D
mubi,Series_D
circulite,Series_D
syncardiasystems,Series_D
cobalttechnologies,Series_D
experienceproject,Series_D
atlantiscomputing,Series_D
connectedu,Series_D
greenroadtechnologies,Series_D
edmodo,Series_D
virtualinstruments,Series_D
thefeedroom,Series_D
levelup,Series_D
comentis,Series_D
coupasoftware,Series_D
brightedge,Series_D
emeter,Series_D
appannie,Series_D
firehost,Series_D
akimbo,Series_D
genesecuritynetwork,Series_D
neatorobotics,Series_D
vuclip,Series_D
bplglobal,Series_D
verivosoftware,Series_D
flurry,Series_D
datallegro,Series_D
intermolecular,Series_D
quickplaymedia,Series_D
mythings,Series_D
tirawireless,Series_D
photothera,Series_D
pronaitherapeutics,Series_D
smartsheet,Series_D
splashtop,Series_D
opensiliconpakistan,Series_D
mirnatherapeutics,Series_D
sagequest,Series_D
prolactabiosciences,Series_D
biocept,Series_D
flite,Series_D
cvidya,Series_D
meevee,Series_D
verdasys,Series_D
attributor,Series_D
drivecam,Series_D
instructure,Series_D
t2biosystems,Series_D
zerto,Series_D
mashery,Series_D
meebo,Series_D
link_a_media,Series_D
odesk,Series_D
actionengine,Series_D
zymeworks,Series_D
chimerix,Series_D
swncommunications,Series_D
totalimmersion,Series_D
cometsolutions,Series_D
insightec,Series_D
ticketbis,Series_D
anagran,Series_D
kareo,Series_D
brandaffinitytechnologies,Series_D
iwalk,Series_D
strongmail,Series_D
affimedtherapeutics,Series_D
lotame,Series_D
overturenetworks,Series_D
adaptiveplanning,Series_D
intalio,Series_D
yesvideo,Series_D
smartling,Series_D
infinitepowersolutions,Series_D
tidemark,Series_D
siliconbluetechnologies,Series_D
newlinkgenetics,Series_D
elixirpharmaceuticals,Series_D
liveu,Series_D
fanduel,Series_D
soonr,Series_D
brammo,Series_D
cellbiosciences,Series_D
eyefi,Series_D
kalido,Series_D
crownbioscience,Series_D
firetide,Series_D
criteo,Series_D
yottamark,Series_D
copansystems,Series_D
highstreetpartners,Series_D
opvista,Series_D
kytherabiopharmaceuticals,Series_D
fuhu,Series_D
kosmix,Series_D
healthguru,Series_D
adometry,Series_D
conformiasoftware,Series_D
appirio,Series_D
transeracommunications,Series_D
conviva,Series_D
